<?xml version="1.0" encoding="utf-8"?>
<!DOCTYPE hibernate-configuration PUBLIC
"-//Hibernate/Hibernate Configuration DTD 3.0//EN"
"http://www.hibernate.org/dtd/hibernate-configuration-3.0.dtd">

<hibernate-configuration>
<session-factory>
	<!-- DB Connection Pooling -->
      <property name="hibernate.connection.driver_class">com.mysql.jdbc.Driver</property>
      <property name="hibernate.connection.url">jdbc:mysql://localhost/sakila</property>
      <property name="hibernate.connection.username">root</property>
      <property name="hibernate.connection.password">root</property>
	
	<!-- JDBC Connection Pooling -->      
      <property name="hibernate.connection.pool_size">10</property>
     
      <property name="show_sql">true</property>
      
      <property name="dialect">org.hibernate.dialect.MySQLDialect</property>

	<!-- Drop and recreate schema on startup -->      
      <property name="hibernate.hbm2ddl.auto">update</property>
      
      <!-- Mapping files -->
      <mapping resource="src/main/resources/contact.hbm.xml" />      
      <mapping resource="Employee.hbm.xml" />
      <mapping resource="EmployeeDetail.hbm.xml" />
</session-factory>
</hibernate-configuration>